Category,Book Title
0,Book_c0_n1
0,Book_c0_n2
0,Book_c0_n3
0,Book_c0_n4
0,Book_c0_n5
0,Book_c0_n6
0,Book_c0_n7
1,Book_c1_n1
1,Book_c1_n2
1,Book_c1_n3
1,Book_c1_n4
1,Book_c1_n5
1,Book_c1_n6
2,Book_c2_n1
2,Book_c2_n2
2,Book_c2_n3
2,Book_c2_n4
2,Book_c2_n5
2,Book_c2_n6
2,Book_c2_n7
2,Book_c2_n8
2,Book_c2_n9
2,Book_c2_n10
2,Book_c2_n11
3,Book_c3_n1
3,Book_c3_n2
3,Book_c3_n3
3,Book_c3_n4
3,Book_c3_n5
3,Book_c3_n6
3,Book_c3_n7
3,Book_c3_n8
3,Book_c3_n9
3,Book_c3_n10
3,Book_c3_n11
3,Book_c3_n12
4,Book_c4_n1
4,Book_c4_n2
4,Book_c4_n3
4,Book_c4_n4
4,Book_c4_n5
4,Book_c4_n6
4,Book_c4_n7
4,Book_c4_n8
4,Book_c4_n9
5,Book_c5_n1
5,Book_c5_n2
5,Book_c5_n3
5,Book_c5_n4
5,Book_c5_n5
5,Book_c5_n6
5,Book_c5_n7
5,Book_c5_n8
5,Book_c5_n9
5,Book_c5_n10
5,Book_c5_n11
5,Book_c5_n12
5,Book_c5_n13
5,Book_c5_n14
6,Book_c6_n1
6,Book_c6_n2
6,Book_c6_n3
6,Book_c6_n4
6,Book_c6_n5
6,Book_c6_n6
6,Book_c6_n7
6,Book_c6_n8
6,Book_c6_n9
6,Book_c6_n10
7,Book_c7_n1
7,Book_c7_n2
7,Book_c7_n3
7,Book_c7_n4
7,Book_c7_n5
7,Book_c7_n6
7,Book_c7_n7
7,Book_c7_n8
8,Book_c8_n1
8,Book_c8_n2
8,Book_c8_n3
8,Book_c8_n4
8,Book_c8_n5
9,Book_c9_n1
9,Book_c9_n2
9,Book_c9_n3
9,Book_c9_n4
9,Book_c9_n5
9,Book_c9_n6
9,Book_c9_n7
9,Book_c9_n8
9,Book_c9_n9
9,Book_c9_n10
9,Book_c9_n11
9,Book_c9_n12
9,Book_c9_n13
